"filename", "language", "Markdown", "TOML", "JSON", "YAML", "JSON with Comments", "Rust", "TypeScript", "HTML", "JavaScript JSX", "Svelte", "comment", "blank", "total"
"d:\root\dev\js\volunteer-hub\.github\workflows\cargo-build.yml", "YAML", 0, 0, 0, 30, 0, 0, 0, 0, 0, 0, 0, 9, 39
"d:\root\dev\js\volunteer-hub\.github\workflows\cargo-ci.yml", "YAML", 0, 0, 0, 31, 0, 0, 0, 0, 0, 0, 0, 8, 39
"d:\root\dev\js\volunteer-hub\.github\workflows\cargo-dependencies-check.yml", "YAML", 0, 0, 0, 52, 0, 0, 0, 0, 0, 0, 3, 15, 70
"d:\root\dev\js\volunteer-hub\.github\workflows\cargo-format-and-lint.yml", "YAML", 0, 0, 0, 47, 0, 0, 0, 0, 0, 0, 0, 14, 61
"d:\root\dev\js\volunteer-hub\.github\workflows\cargo-test.yml", "YAML", 0, 0, 0, 33, 0, 0, 0, 0, 0, 0, 0, 10, 43
"d:\root\dev\js\volunteer-hub\.github\workflows\sveltekit-minimal-ci.yml", "YAML", 0, 0, 0, 11, 0, 0, 0, 0, 0, 0, 4, 5, 20
"d:\root\dev\js\volunteer-hub\.github\workflows\sveltekit-minimal-format-and-lint.yml", "YAML", 0, 0, 0, 38, 0, 0, 0, 0, 0, 0, 0, 12, 50
"d:\root\dev\js\volunteer-hub\README.md", "Markdown", 208, 0, 0, 0, 0, 0, 0, 0, 0, 0, 0, 27, 235
"d:\root\dev\js\volunteer-hub\backend\.cargo\config.toml", "TOML", 0, 2, 0, 0, 0, 0, 0, 0, 0, 0, 0, 1, 3
"d:\root\dev\js\volunteer-hub\backend\.clippy.toml", "TOML", 0, 9, 0, 0, 0, 0, 0, 0, 0, 0, 71, 2, 82
"d:\root\dev\js\volunteer-hub\backend\.rustfmt.toml", "TOML", 0, 31, 0, 0, 0, 0, 0, 0, 0, 0, 47, 2, 80
"d:\root\dev\js\volunteer-hub\backend\Cargo.lock", "TOML", 0, 1521, 0, 0, 0, 0, 0, 0, 0, 0, 2, 176, 1699
"d:\root\dev\js\volunteer-hub\backend\Cargo.toml", "TOML", 0, 40, 0, 0, 0, 0, 0, 0, 0, 0, 7, 8, 55
"d:\root\dev\js\volunteer-hub\backend\aliases\Cargo.toml", "TOML", 0, 14, 0, 0, 0, 0, 0, 0, 0, 0, 0, 3, 17
"d:\root\dev\js\volunteer-hub\backend\aliases\src\lib.rs", "Rust", 0, 0, 0, 0, 0, 26, 0, 0, 0, 0, 1, 6, 33
"d:\root\dev\js\volunteer-hub\backend\axiom-derive\Cargo.toml", "TOML", 0, 18, 0, 0, 0, 0, 0, 0, 0, 0, 0, 5, 23
"d:\root\dev\js\volunteer-hub\backend\axiom-derive\src\erratum.rs", "Rust", 0, 0, 0, 0, 0, 271, 0, 0, 0, 0, 1, 48, 320
"d:\root\dev\js\volunteer-hub\backend\axiom-derive\src\lib.rs", "Rust", 0, 0, 0, 0, 0, 10, 0, 0, 0, 0, 27, 4, 41
"d:\root\dev\js\volunteer-hub\backend\axiom-derive\src\verifiable.rs", "Rust", 0, 0, 0, 0, 0, 111, 0, 0, 0, 0, 0, 27, 138
"d:\root\dev\js\volunteer-hub\backend\axiom\Cargo.toml", "TOML", 0, 17, 0, 0, 0, 0, 0, 0, 0, 0, 0, 4, 21
"d:\root\dev\js\volunteer-hub\backend\axiom\src\lib.rs", "Rust", 0, 0, 0, 0, 0, 209, 0, 0, 0, 0, 5, 36, 250
"d:\root\dev\js\volunteer-hub\backend\bindings\wasm-bindings\Cargo.toml", "TOML", 0, 35, 0, 0, 0, 0, 0, 0, 0, 0, 1, 8, 44
"d:\root\dev\js\volunteer-hub\backend\bindings\wasm-bindings\src\build.rs", "Rust", 0, 0, 0, 0, 0, 23, 0, 0, 0, 0, 2, 5, 30
"d:\root\dev\js\volunteer-hub\backend\bindings\wasm-bindings\src\lib.rs", "Rust", 0, 0, 0, 0, 0, 139, 0, 0, 0, 0, 5, 23, 167
"d:\root\dev\js\volunteer-hub\backend\core\domain\Cargo.toml", "TOML", 0, 16, 0, 0, 0, 0, 0, 0, 0, 0, 0, 4, 20
"d:\root\dev\js\volunteer-hub\backend\core\domain\src\lib.rs", "Rust", 0, 0, 0, 0, 0, 205, 0, 0, 0, 0, 10, 35, 250
"d:\root\dev\js\volunteer-hub\backend\core\use-cases\Cargo.toml", "TOML", 0, 26, 0, 0, 0, 0, 0, 0, 0, 0, 0, 6, 32
"d:\root\dev\js\volunteer-hub\backend\core\use-cases\src\boundaries\create_comment.rs", "Rust", 0, 0, 0, 0, 0, 77, 0, 0, 0, 0, 0, 17, 94
"d:\root\dev\js\volunteer-hub\backend\core\use-cases\src\boundaries\create_event.rs", "Rust", 0, 0, 0, 0, 0, 88, 0, 0, 0, 0, 0, 18, 106
"d:\root\dev\js\volunteer-hub\backend\core\use-cases\src\boundaries\create_post.rs", "Rust", 0, 0, 0, 0, 0, 82, 0, 0, 0, 0, 0, 18, 100
"d:\root\dev\js\volunteer-hub\backend\core\use-cases\src\boundaries\create_reaction.rs", "Rust", 0, 0, 0, 0, 0, 74, 0, 0, 0, 0, 0, 16, 90
"d:\root\dev\js\volunteer-hub\backend\core\use-cases\src\boundaries\export_events.rs", "Rust", 0, 0, 0, 0, 0, 106, 0, 0, 0, 0, 1, 16, 123
"d:\root\dev\js\volunteer-hub\backend\core\use-cases\src\boundaries\export_volunteers.rs", "Rust", 0, 0, 0, 0, 0, 106, 0, 0, 0, 0, 1, 16, 123
"d:\root\dev\js\volunteer-hub\backend\core\use-cases\src\boundaries\mod.rs", "Rust", 0, 0, 0, 0, 0, 79, 0, 0, 0, 0, 0, 3, 82
"d:\root\dev\js\volunteer-hub\backend\core\use-cases\src\boundaries\moderate_event.rs", "Rust", 0, 0, 0, 0, 0, 106, 0, 0, 0, 0, 0, 18, 124
"d:\root\dev\js\volunteer-hub\backend\core\use-cases\src\boundaries\moderate_event_registration.rs", "Rust", 0, 0, 0, 0, 0, 111, 0, 0, 0, 0, 0, 19, 130
"d:\root\dev\js\volunteer-hub\backend\core\use-cases\src\boundaries\moderate_user.rs", "Rust", 0, 0, 0, 0, 0, 107, 0, 0, 0, 0, 0, 18, 125
"d:\root\dev\js\volunteer-hub\backend\core\use-cases\src\boundaries\remove_comment.rs", "Rust", 0, 0, 0, 0, 0, 74, 0, 0, 0, 0, 0, 16, 90
"d:\root\dev\js\volunteer-hub\backend\core\use-cases\src\boundaries\remove_event.rs", "Rust", 0, 0, 0, 0, 0, 95, 0, 0, 0, 0, 0, 18, 113
"d:\root\dev\js\volunteer-hub\backend\core\use-cases\src\boundaries\remove_post.rs", "Rust", 0, 0, 0, 0, 0, 74, 0, 0, 0, 0, 0, 16, 90
"d:\root\dev\js\volunteer-hub\backend\core\use-cases\src\boundaries\remove_reaction.rs", "Rust", 0, 0, 0, 0, 0, 76, 0, 0, 0, 0, 0, 17, 93
"d:\root\dev\js\volunteer-hub\backend\core\use-cases\src\boundaries\sign_in.rs", "Rust", 0, 0, 0, 0, 0, 81, 0, 0, 0, 0, 0, 13, 94
"d:\root\dev\js\volunteer-hub\backend\core\use-cases\src\boundaries\sign_up.rs", "Rust", 0, 0, 0, 0, 0, 79, 0, 0, 0, 0, 0, 16, 95
"d:\root\dev\js\volunteer-hub\backend\core\use-cases\src\boundaries\subscribe_to_event.rs", "Rust", 0, 0, 0, 0, 0, 100, 0, 0, 0, 0, 0, 18, 118
"d:\root\dev\js\volunteer-hub\backend\core\use-cases\src\boundaries\unsubscribe_from_event.rs", "Rust", 0, 0, 0, 0, 0, 100, 0, 0, 0, 0, 0, 18, 118
"d:\root\dev\js\volunteer-hub\backend\core\use-cases\src\boundaries\update_comment.rs", "Rust", 0, 0, 0, 0, 0, 79, 0, 0, 0, 0, 0, 17, 96
"d:\root\dev\js\volunteer-hub\backend\core\use-cases\src\boundaries\update_event.rs", "Rust", 0, 0, 0, 0, 0, 117, 0, 0, 0, 0, 0, 23, 140
"d:\root\dev\js\volunteer-hub\backend\core\use-cases\src\boundaries\update_post.rs", "Rust", 0, 0, 0, 0, 0, 84, 0, 0, 0, 0, 0, 19, 103
"d:\root\dev\js\volunteer-hub\backend\core\use-cases\src\boundaries\view_event_channel.rs", "Rust", 0, 0, 0, 0, 0, 142, 0, 0, 0, 0, 0, 24, 166
"d:\root\dev\js\volunteer-hub\backend\core\use-cases\src\boundaries\view_event_history.rs", "Rust", 0, 0, 0, 0, 0, 148, 0, 0, 0, 0, 0, 20, 168
"d:\root\dev\js\volunteer-hub\backend\core\use-cases\src\boundaries\view_event_recommendation.rs", "Rust", 0, 0, 0, 0, 0, 101, 0, 0, 0, 0, 0, 16, 117
"d:\root\dev\js\volunteer-hub\backend\core\use-cases\src\boundaries\view_event_volunteers.rs", "Rust", 0, 0, 0, 0, 0, 148, 0, 0, 0, 0, 0, 21, 169
"d:\root\dev\js\volunteer-hub\backend\core\use-cases\src\boundaries\view_events.rs", "Rust", 0, 0, 0, 0, 0, 177, 0, 0, 0, 0, 0, 24, 201
"d:\root\dev\js\volunteer-hub\backend\core\use-cases\src\boundaries\view_post.rs", "Rust", 0, 0, 0, 0, 0, 161, 0, 0, 0, 0, 0, 27, 188
"d:\root\dev\js\volunteer-hub\backend\core\use-cases\src\boundaries\view_published_events.rs", "Rust", 0, 0, 0, 0, 0, 156, 0, 0, 0, 0, 0, 21, 177
"d:\root\dev\js\volunteer-hub\backend\core\use-cases\src\boundaries\view_users.rs", "Rust", 0, 0, 0, 0, 0, 178, 0, 0, 0, 0, 0, 25, 203
"d:\root\dev\js\volunteer-hub\backend\core\use-cases\src\gateways.rs", "Rust", 0, 0, 0, 0, 0, 353, 0, 0, 0, 0, 0, 80, 433
"d:\root\dev\js\volunteer-hub\backend\core\use-cases\src\interactors\create_comment.rs", "Rust", 0, 0, 0, 0, 0, 67, 0, 0, 0, 0, 0, 18, 85
"d:\root\dev\js\volunteer-hub\backend\core\use-cases\src\interactors\create_event.rs", "Rust", 0, 0, 0, 0, 0, 73, 0, 0, 0, 0, 0, 19, 92
"d:\root\dev\js\volunteer-hub\backend\core\use-cases\src\interactors\create_post.rs", "Rust", 0, 0, 0, 0, 0, 80, 0, 0, 0, 0, 0, 19, 99
"d:\root\dev\js\volunteer-hub\backend\core\use-cases\src\interactors\create_reaction.rs", "Rust", 0, 0, 0, 0, 0, 59, 0, 0, 0, 0, 0, 14, 73
"d:\root\dev\js\volunteer-hub\backend\core\use-cases\src\interactors\export_events.rs", "Rust", 0, 0, 0, 0, 0, 37, 0, 0, 0, 0, 0, 8, 45
"d:\root\dev\js\volunteer-hub\backend\core\use-cases\src\interactors\export_volunteers.rs", "Rust", 0, 0, 0, 0, 0, 37, 0, 0, 0, 0, 0, 8, 45
"d:\root\dev\js\volunteer-hub\backend\core\use-cases\src\interactors\mod.rs", "Rust", 0, 0, 0, 0, 0, 56, 0, 0, 0, 0, 0, 2, 58
"d:\root\dev\js\volunteer-hub\backend\core\use-cases\src\interactors\moderate_event.rs", "Rust", 0, 0, 0, 0, 0, 71, 0, 0, 0, 0, 0, 16, 87
"d:\root\dev\js\volunteer-hub\backend\core\use-cases\src\interactors\moderate_event_registration.rs", "Rust", 0, 0, 0, 0, 0, 85, 0, 0, 0, 0, 0, 18, 103
"d:\root\dev\js\volunteer-hub\backend\core\use-cases\src\interactors\moderate_user.rs", "Rust", 0, 0, 0, 0, 0, 71, 0, 0, 0, 0, 0, 17, 88
"d:\root\dev\js\volunteer-hub\backend\core\use-cases\src\interactors\remove_comment.rs", "Rust", 0, 0, 0, 0, 0, 51, 0, 0, 0, 0, 0, 11, 62
"d:\root\dev\js\volunteer-hub\backend\core\use-cases\src\interactors\remove_event.rs", "Rust", 0, 0, 0, 0, 0, 59, 0, 0, 0, 0, 0, 16, 75
"d:\root\dev\js\volunteer-hub\backend\core\use-cases\src\interactors\remove_post.rs", "Rust", 0, 0, 0, 0, 0, 51, 0, 0, 0, 0, 0, 11, 62
"d:\root\dev\js\volunteer-hub\backend\core\use-cases\src\interactors\remove_reaction.rs", "Rust", 0, 0, 0, 0, 0, 51, 0, 0, 0, 0, 0, 12, 63
"d:\root\dev\js\volunteer-hub\backend\core\use-cases\src\interactors\sign_in.rs", "Rust", 0, 0, 0, 0, 0, 66, 0, 0, 0, 0, 0, 13, 79
"d:\root\dev\js\volunteer-hub\backend\core\use-cases\src\interactors\sign_up.rs", "Rust", 0, 0, 0, 0, 0, 63, 0, 0, 0, 0, 0, 19, 82
"d:\root\dev\js\volunteer-hub\backend\core\use-cases\src\interactors\subscribe_to_event.rs", "Rust", 0, 0, 0, 0, 0, 71, 0, 0, 0, 0, 0, 18, 89
"d:\root\dev\js\volunteer-hub\backend\core\use-cases\src\interactors\unsubscribe_from_event.rs", "Rust", 0, 0, 0, 0, 0, 53, 0, 0, 0, 0, 0, 14, 67
"d:\root\dev\js\volunteer-hub\backend\core\use-cases\src\interactors\update_comment.rs", "Rust", 0, 0, 0, 0, 0, 65, 0, 0, 0, 0, 0, 18, 83
"d:\root\dev\js\volunteer-hub\backend\core\use-cases\src\interactors\update_event.rs", "Rust", 0, 0, 0, 0, 0, 89, 0, 0, 0, 0, 0, 23, 112
"d:\root\dev\js\volunteer-hub\backend\core\use-cases\src\interactors\update_post.rs", "Rust", 0, 0, 0, 0, 0, 71, 0, 0, 0, 0, 0, 19, 90
"d:\root\dev\js\volunteer-hub\backend\core\use-cases\src\interactors\view_event_channel.rs", "Rust", 0, 0, 0, 0, 0, 86, 0, 0, 0, 0, 0, 14, 100
"d:\root\dev\js\volunteer-hub\backend\core\use-cases\src\interactors\view_event_history.rs", "Rust", 0, 0, 0, 0, 0, 58, 0, 0, 0, 0, 0, 12, 70
"d:\root\dev\js\volunteer-hub\backend\core\use-cases\src\interactors\view_event_recommendation.rs", "Rust", 0, 0, 0, 0, 0, 61, 0, 0, 0, 0, 0, 11, 72
"d:\root\dev\js\volunteer-hub\backend\core\use-cases\src\interactors\view_event_volunteers.rs", "Rust", 0, 0, 0, 0, 0, 58, 0, 0, 0, 0, 0, 12, 70
"d:\root\dev\js\volunteer-hub\backend\core\use-cases\src\interactors\view_events.rs", "Rust", 0, 0, 0, 0, 0, 56, 0, 0, 0, 0, 0, 10, 66
"d:\root\dev\js\volunteer-hub\backend\core\use-cases\src\interactors\view_post.rs", "Rust", 0, 0, 0, 0, 0, 82, 0, 0, 0, 0, 0, 11, 93
"d:\root\dev\js\volunteer-hub\backend\core\use-cases\src\interactors\view_published_events.rs", "Rust", 0, 0, 0, 0, 0, 56, 0, 0, 0, 0, 0, 10, 66
"d:\root\dev\js\volunteer-hub\backend\core\use-cases\src\interactors\view_users.rs", "Rust", 0, 0, 0, 0, 0, 51, 0, 0, 0, 0, 0, 10, 61
"d:\root\dev\js\volunteer-hub\backend\core\use-cases\src\lib.rs", "Rust", 0, 0, 0, 0, 0, 3, 0, 0, 0, 0, 0, 1, 4
"d:\root\dev\js\volunteer-hub\backend\infrastructures\Cargo.toml", "TOML", 0, 26, 0, 0, 0, 0, 0, 0, 0, 0, 5, 6, 37
"d:\root\dev\js\volunteer-hub\backend\infrastructures\src\lib.rs", "Rust", 0, 0, 0, 0, 0, 185, 0, 0, 0, 0, 3, 51, 239
"d:\root\dev\js\volunteer-hub\deno.json", "JSON", 0, 0, 22, 0, 0, 0, 0, 0, 0, 0, 0, 2, 24
"d:\root\dev\js\volunteer-hub\deno.lock", "JSON", 0, 0, 17, 0, 0, 0, 0, 0, 0, 0, 0, 1, 18
"d:\root\dev\js\volunteer-hub\frontend\sveltekit-minimal\README.md", "Markdown", 27, 0, 0, 0, 0, 0, 0, 0, 0, 0, 0, 15, 42
"d:\root\dev\js\volunteer-hub\frontend\sveltekit-minimal\deno.lock", "JSON", 0, 0, 826, 0, 0, 0, 0, 0, 0, 0, 0, 1, 827
"d:\root\dev\js\volunteer-hub\frontend\sveltekit-minimal\package.json", "JSON", 0, 0, 28, 0, 0, 0, 0, 0, 0, 0, 0, 1, 29
"d:\root\dev\js\volunteer-hub\frontend\sveltekit-minimal\src\app.d.ts", "TypeScript", 0, 0, 0, 0, 0, 0, 5, 0, 0, 0, 7, 2, 14
"d:\root\dev\js\volunteer-hub\frontend\sveltekit-minimal\src\app.html", "HTML", 0, 0, 0, 0, 0, 0, 0, 11, 0, 0, 0, 1, 12
"d:\root\dev\js\volunteer-hub\frontend\sveltekit-minimal\src\lib\server\index.ts", "TypeScript", 0, 0, 0, 0, 0, 0, 9, 0, 0, 0, 1, 3, 13
"d:\root\dev\js\volunteer-hub\frontend\sveltekit-minimal\src\routes\(authed)\+layout.server.ts", "TypeScript", 0, 0, 0, 0, 0, 0, 7, 0, 0, 0, 0, 2, 9
"d:\root\dev\js\volunteer-hub\frontend\sveltekit-minimal\src\routes\(authed)\+layout.svelte", "Svelte", 0, 0, 0, 0, 0, 0, 0, 0, 0, 7, 0, 3, 10
"d:\root\dev\js\volunteer-hub\frontend\sveltekit-minimal\src\routes\(authed)\dashboard\+page.svelte", "Svelte", 0, 0, 0, 0, 0, 0, 0, 0, 0, 1, 0, 1, 2
"d:\root\dev\js\volunteer-hub\frontend\sveltekit-minimal\src\routes\+layout.svelte", "Svelte", 0, 0, 0, 0, 0, 0, 0, 0, 0, 9, 0, 3, 12
"d:\root\dev\js\volunteer-hub\frontend\sveltekit-minimal\src\routes\+page.svelte", "Svelte", 0, 0, 0, 0, 0, 0, 0, 0, 0, 1, 0, 1, 2
"d:\root\dev\js\volunteer-hub\frontend\sveltekit-minimal\src\routes\login\+page.server.ts", "TypeScript", 0, 0, 0, 0, 0, 0, 20, 0, 0, 0, 3, 7, 30
"d:\root\dev\js\volunteer-hub\frontend\sveltekit-minimal\src\routes\login\+page.svelte", "Svelte", 0, 0, 0, 0, 0, 0, 0, 0, 0, 24, 0, 7, 31
"d:\root\dev\js\volunteer-hub\frontend\sveltekit-minimal\src\routes\logout\+page.server.ts", "TypeScript", 0, 0, 0, 0, 0, 0, 9, 0, 0, 0, 0, 2, 11
"d:\root\dev\js\volunteer-hub\frontend\sveltekit-minimal\src\routes\register\+page.server.ts", "TypeScript", 0, 0, 0, 0, 0, 0, 22, 0, 0, 0, 0, 6, 28
"d:\root\dev\js\volunteer-hub\frontend\sveltekit-minimal\src\routes\register\+page.svelte", "Svelte", 0, 0, 0, 0, 0, 0, 0, 0, 0, 37, 0, 10, 47
"d:\root\dev\js\volunteer-hub\frontend\sveltekit-minimal\svelte.config.js", "JavaScript JSX", 0, 0, 0, 0, 0, 0, 0, 0, 9, 0, 9, 4, 22
"d:\root\dev\js\volunteer-hub\frontend\sveltekit-minimal\tsconfig.json", "JSON with Comments", 0, 0, 0, 0, 14, 0, 0, 0, 0, 0, 11, 1, 26
"d:\root\dev\js\volunteer-hub\frontend\sveltekit-minimal\vite.config.ts", "TypeScript", 0, 0, 0, 0, 0, 0, 35, 0, 0, 0, 1, 2, 38
"Total", "-", 235, 1755, 893, 242, 14, 6475, 107, 11, 9, 79, 228, 1647, 11695